Lektion 1;;
c01-001;senātor;Senator;
c01-002;forum;Marktplatz, Forum, Öffentlichkeit;Forum, e. forum
c01-003;properāre, properat;eilen, sich beeilen;
c01-004;nam;denn, nämlich;
c01-005;ibī;dort;
c01-006;cūria;Kurie, Rathaus;
c01-007;esse, est;sein, sich befinden;Essenz, essenziell
c01-008;hīc;hier;
c01-009;turba;Menschenmenge, Lärm;Trubel, Turbine, turbulent, e. trouble
c01-010;stāre, stat;stehen;e. to stay
c01-011;et;und, auch;f. et
c01-012;clāmāre, clāmat;laut rufen, schreien;Re-klame, re-klamieren
c01-013;avē!;sei gegrüßt!;
c01-014;gaudēre, gaudet;sich freuen;
c01-015;salvē!;sei gegrüßt!;
c01-016;salvēte!;seid gegrüßt!;
c01-017;subitō;plötzlich;
c01-018;servus;Sklave;„Servus“
c01-019;venīre, venit;kommen;f. venir
c01-020;rogāre, rogat;bitten, erbitten, fragen;
c01-021;ubī?;wo?;f. où
c01-022;rīdēre, rīdet;lachen, auslachen;f. rire
c01-023;adesse, adest;da sein;
c01-024;tum;da, damals, darauf, dann;
Lektion 2;;
c02-001;hodiē Adv.;heute;
c02-002;circus;Zirkus, Rennbahn;
c02-003;lūdus;"Spiel, Wettkampf; Schule";
c02-004;sunt;sie sind;f. sont
c02-005;sed;aber, sondern;
c02-006;amīcus;Freund;f. ami
c02-007;diū Adv.;lange Zeit;
c02-008;exspectāre, exspectat;warten, erwarten;e. to expect
c02-009;tandem;endlich;
c02-010;populus;Volk;Pöbel, Population, e. population
c02-011;accēdere, accēdit;herbeikommen, hinzukommen;e. access
c02-012;etiam;auch, sogar;
c02-013;nunc Adv.;jetzt, nun;e. now
c02-014;tacēre, tacet;schweigen;
c02-015;porta;Tor;Pforte, Portal
c02-016;patēre, patet;offen stehen, sich erstrecken;Patent
c02-017;equus;Pferd;
c02-018;dēnique Adv.;schließlich, zuletzt;
c02-019;signum;Merkmal, Zeichen;Signal, Signatur
c02-020;dare, dat;geben;Datum, Daten, Dativ
c02-021;currere, currit;eilen, laufen;Kurier, Curriculum
c02-022;surgere, surgit;aufstehen, sich erheben;
c02-023;vocāre, vocat;rufen, nennen;Vokal, Vokativ
c02-024;victor m;Sieger;Viktor, e. victor
c02-025;ecce;schau! / schaut!/sieh da!/seht da!;
c02-026;praemium;Belohnung, Lohn, (Sieges-)Preis;Prämie, e. premium
c02-027;Aulus;Aulus;mänlicher Eigenname
c02-028;Gāius;Gajus;mänlicher Eigenname
c02-029;Syrus;Syrus;mänlicher Eigenname
c02-030;Circus Maximus;der Circus Maximus;Pferderennbahn in Rom
Lektion 3;;
c03-001;ad Präp. m. Akk.;an, bei, nach, zu;e. at
c03-002;per Präp. m. Akk.;durch, hindurch;
c03-003;amīca;Freundin;f. amie
c03-004;vidēre, videt;"sehen; darauf achten";Video, wissen, e. view
c03-005;petere, petit;(auf)suchen, (er)streben, bitten, verlangen, angreifen;Petition
c03-006;templum;Tempel;e. temple
c03-007;aedificium;Gebäude;f. édifice
c03-008;spectāre, spectat;betrachten, hinsehen;
c03-009;basilica;Basilika, Halle;
c03-010;intrāre, intrat;betreten, eintreten;entern, e. to enter
c03-011;mercātor, mercātōrem m;Kaufmann, Händler;
c03-012;contendere, contendit;"eilen; sich anstrengen";
c03-013;bēstia;Tier;f. bête
c03-014;vendere, vendit;verkaufen;
c03-015;ante Präp. m. Akk.;vor;
c03-016;taberna;Laden, Werkstatt, Gasthaus;Taverne
c03-017;statim Adv.;auf der Stelle, sofort;
c03-018;in Präp. m. Akk.;in (... hinein), nach(... hin), gegen (wohin?);e. in
c03-019;dēlectāre, dēlectat;erfreuen, unterhalten;
c03-020;mulier, mulierem f;Frau;
c03-021;audīre, audiō;hören;Audienz, Auditorium, „Audi“
c03-022;clāmor, clāmōrem m;Geschrei, Lärm;Klamauk
c03-023;tollere, tollit;aufheben, wegnehmen, in die höhe heben;
c03-024;clāmōrem tollere;Geschrei erheben;
c03-025;quid?;was? ;
c03-026;quis?;wer?;
c03-027;itaque Adv.;deshalb;
c03-028;relinquere, relinquit;verlassen, zurücklassen, unbeachtet  lassen;Relikt, e. to relinquish
c03-029;cūr?;warum?;
c03-030;autem;aber, andererseits;
c03-031;apud Präp. m. Akk.;bei, nahe bei;
c03-032;nōn;nicht ;e. no
c03-033;iam Adv.;schon, nun;
c03-034;nōn iam Adv.;nicht mehr;
c03-035;Atia;Atia;weiblicher Eigenname
c03-036;Antōnia;Antonia;weiblicher Eigenname
c03-037;Rutīlius;Rutilius;männlicher Eigenname
c03-038;basilica Iūlia;Basilika Julia;Halle, die von der Familie der julier erbaut wurde
Lektion 4;;
c04-001;in Präp. m. Abl.;in, an, auf, bei (wo?);e. in, f. en
c04-002;cum Präp. m. Abl.;mit, zusammen mit;
c04-003;gaudēre, gaudet m. Abl.;(sich freuen),sich freuen über etw.;
c04-004;thermae, thermās f Pl.;Thermen, Badeanlage;
c04-005;vestis, vestem f;Kleid, Kleidung;Weste
c04-006;dēpōnere, dēpōnit;ablegen, niederlegen, aufgeben;deponieren, Depot
c04-007;dē Präp. m. Abl.;"von, von ... her, von ... herab; über";
c04-008;cōgitāre, cōgitat;denken, beabsichtigen;
c04-009;cōgitāre dē;denken an;
c04-010;amāre, amat;lieben, gernhaben;Amateur, f. aimer
c04-011;semper Adv.;immer;
c04-012;dōnum;Geschenk;
c04-013;vult;er (sie, es) will;
c04-014;tamen;dennoch, jedoch;
c04-015;laudāre, laudat;loben;Laudatio
c04-016;tē Akk.;dich;f. te
c04-017;certē Adv.;gewiss, sicherlich;e. certainly
c04-018;scīre, scit;kennen, wissen, verstehen;e./f. science
c04-019;puella;Mädchen;
c04-020;complēre, complet;anfüllen, erfüllen;komplett, e. to complete
c04-021;senex, senem m;Greis, alter Mann;Senior, senil
c04-022;iniūria;Unrecht, Beleidigung, Gewalttat;
c04-023;dolēre, dolet (m. Abl.);"schmerzen; bedauern, Schmerzen empfinden (über etw.)";kon-dolieren
c04-024;vīnum;Wein;e. wine, f. vin
c04-025;sūmere, sūmit;nehmen;kon-sumieren
c04-026;prō Präp. m. Abl.;anstelle von, für, vor;pro-
c04-027;pecūnia;Geld, Vermögen;
c04-028;fūr, fūrem m;Dieb;
c04-029;tantum (nachgestellt);nur;
c04-030;numquam Adv.;niemals;
c04-031;uxor, uxōrem f;Ehefrau;
c04-032;adulēscēns, adulēsentem m;junger Mann;
c04-033;Lūcius;Lucius;mänlicher Eigenname
c04-034;Quīntus;Quintus;mänlicher Eigenname
Lektion 5;;
c05-001;puer, puerum;Junge, Bub;
c05-002;mittere, mittō;(los)lassen, schicken, werfen;Messe, Mission, f. mettre
c05-003;domina;Herrin;
c05-004;iubēre, iubeō m. Akk.;anordnen, befehlen;Jussiv
c05-005;emere, emō;kaufen;
c05-006;serva;Sklavin;
c05-007;adesse, adsum;"(da sein); helfen";
c05-008;dubitāre, dubitō m. Inf.;zögern;e. to doubt
c05-009;parāre, parō;"bereiten, vorbereiten; vorhaben; erwerben";parat, Apparat, reparieren
c05-010;dēbēre, dēbeō;"müssen, sollen; schulden";Debitor
c05-011;ōrnāre, ōrnō;schmücken;Ornat, Ornament
c05-012;mēnsa;Tisch;
c05-013;labōrāre, labōrō;arbeiten;Laboratorium, Labour-Partei
c05-014;cēna;Essen, Mahlzeit;
c05-015;tū (betont);du;f. tu
c05-016;illūc Adv.;dahin, dorthin;
c05-017;bene Adv.;gut;f. bien
c05-018;quod Subj. m. Ind.;dass, weil;
c05-019;respondēre, respondeō;antworten, entsprechen;Korrespondenz, e. to respond
c05-020;līberī, līberōs m Pl.;Kinder;
c05-021;māter, mātrem f;Mutter;e. mother
c05-022;ostendere, ostendō;zeigen, darlegen;ostentativ
c05-023;placēre, placeō;gefallen;e. pleasure
c05-024;igitur Adv.;also, folglich;
c05-025;paulō Adv.;(um) ein wenig;
c05-026;post Adv.;dann, später;
c05-027;paulō post;kurz darauf;
c05-028;portāre, portō;tragen, bringen;exportieren, transportieren
c05-029;Dāvus;Davus;mänlicher Eigenname
c05-030; Āfra;Afra;weiblicher Eigenname
c05-031;Melissa;Melissa;weiblicher Eigenname
c05-032;Ancus;Ancus;mänlicher Eigenname
Lektion 6;;
c06-001;velle, volō;wollen;Volontär
c06-002;circiter Adv.;ungefähr;
c06-003;vīgintī indekl.;zwanzig;f. vingt
c06-004;vestis, vestis f (Gen. Pl. vest-ium);Kleid, Kleidung;Weste
c06-005;sacrum;Opfer, Heiligtum;Sakrament
c06-006;convīvium;Gastmahl, Gelage;
c06-007;prīmō Adv.;zuerst;
c06-008;toga;Toga (Kleidungsstück des römischen Mannes);
c06-009;tunica;Tunika (Unterkleid unter der Toga);
c06-010;verbum;Wort, Äußerung;Verbum, verbal
c06-011;pars, partis f (Gen. Pl. -ium);Richtung, Seite, Teil;Partei, partiell, e./f. part
c06-012;cōpia;Menge, Vorrat, Möglichkeit;Kopie, kopieren, e. copy
c06-013;togam sūmere;die Toga anlegen;
c06-014;cōnsilium;Beratung, Beschluss, Plan, Rat;e. to counsel
c06-015;admittere, admittō;hinzuziehen, zulassen;e. to admit
c06-016;fīlius;Sohn;f. fils
c06-017;attingere, attingō;berühren;e. to attain
c06-018;probāre, probō;beweisen, für gut befinden;probieren
c06-019;nōn-ne (im dir. Fragesatz);(etwa) nicht?;
c06-020;auxilium;Hilfe;
c06-021;gerere, gerō;ausführen, führen, tragen;Geste, gestikulieren
c06-022;fīlia;Tochter;Filiale, f. fille
c06-023;-que;und;## filiusque filia -> Sohn und Tochter ##
c06-024;oculus;Auge;Okular, e. eye
c06-025;convertere, convertō (in m. Akk.);verändern, (um)wenden, richten (auf);konvertieren, e. to convert
c06-026;compōnere, compōnō;vergleichen;komponieren, Komponente
c06-027;amor, amōris m;Liebe;f. amour
c06-028;remanēre, remaneō;(zurück)bleiben;e. to remain
c06-029;pater, patris m;Vater;Pater, Patrizier, e. father
c06-030;nōlle, nōlō;nicht wollen;„nolens volens“
Lektion 7;;
c07-001;cupere, cupiō;verlangen, wünschen, wollen;
c07-002;propinquus;Verwandter;
c07-003;lībertus;Freigelassener;
c07-004;gēns, gentis f (Gen. Pl. -ium);Familienverband, Stamm, Volk;f. gens
c07-005;parēns, parentis m/f;Vater, Mutter;
c07-006;parentēs, parentum m Pl.;Eltern;e./f. parents
c07-007;soror, sorōris f;Schwester;
c07-008;gaudium;Freude;Gaudi
c07-009;aspicere, aspiciō;erblicken;Aspekt, e. aspect
c07-010;āra;Altar;
c07-011;dīcere, dīcō;sagen, sprechen;dichten, diktieren
c07-012;capere, capiō;"fassen, nehmen; erobern";kapern, „kapieren“
c07-013;facere, faciō;machen, tun, handeln;Fazit, Faktor
c07-014;dūcere, dūcō;führen, ziehen;Aquädukt
c07-015;aedis, aedis f (Gen. Pl. -ium);"Tempel; Pl. Haus, Gebäude";
c07-016;deus;Gott, Gottheit;„ade“, „adieu“
c07-017;dea;Göttin;
c07-018;salūs, salūtis f;Gesundheit, Glück, Rettung, Gruß;Salut, e. salute
c07-019;pāx, pācis f;Friede;Pazifist, e. peace, f. paix
c07-020;ōrāre, ōrō (m. dopp. Akk.);bitten (jdn. um etw.), beten;Oratorium
c07-021;hospes, hospitis m;Fremder, Gast, Gastgeber;Hospital, Hospiz, Hotel
c07-022;convenīre, conveniō;besuchen, zusammenkommen, zusammenpassen;Konvention, Konvent, konventionell
c07-023;pārēre, pāreō;gehorchen, sich richten nach;parieren
c07-024;aqua;Wasser;Aquarium, Aquädukt
c07-025;posteā Adv.;nachher, später;
c07-026;cibus;Nahrung, Speise;
c07-027;praebēre, praebeō;geben, hinhalten;
c07-028;bibere, bibō;trinken;f. boire
c07-029;cōnsulere, cōnsulō ;m. Dat. sorgen für;e. to consult
c07-030;post Präp. m. Akk. / Adv.;hinter, nach / dann, später;
c07-031;ōrātiō, ōrātiōnis f;Rede;
c07-032;habēre, habeō;haben, halten;Habit, e. to have
c07-033;vōbīs Dat.;euch;f. vous
c07-034;grātia;Ansehen, Beliebtheit, Dank, Gefälligkeit;Grazie, graziös, e. grace
c07-035;grātiās agere;danken;
c07-036;interesse, intersum m. Dat.;dazwischen sein, teilnehmen an;Interesse, sich interessieren
c07-037;mōs, mōris m;"Sitte, Brauch; Pl. Charakter";Moral, moralisch
c07-038;mōre Abl.;nach Sitte von, nach Art von;
c07-039;māiōrēs, māiōrum m Pl.;Vorfahren;
c07-040;sīcut Adv.;(so) wie;
c07-041;gēns Aquīlia;die (adlige) Familie der Aquilier;Adlige
c07-042;Larēs;die Laren;Gottheiten,die Haus und Familie beschützen
c07-043;Capitōlium;das Kapitol;Einer der sieben Hügel Roms
c07-044;Iuppiter;Jupiter;Höchster Gott der Römer
c07-045;Iūnō;Juno;Gemahlin Jupiters
Lektion 8;;
c08-001;(esse, sum), fuī;sein, sich befinden;
c08-002;mūnus, mūneris n;"Aufgabe; Geschenk";
c08-003;posse, possum, potuī;können;potent
c08-004;calamitās, calamitātis f;Unglück, Niederlage, Schaden;Kalamität, e. calamity
c08-005;necāre, necō;töten;
c08-006;marītus;Ehemann;f. mari
c08-007;(audīre, audiō), audīvī;hören;
c08-008;crēdere, crēdō;anvertrauen, glauben;Credo, Kredit
c08-009;mihi Dat.;mir;
c08-010;comes, comitis m/f;Gefährte, Begleiter(in);e. count, f. comte
c08-011;mōns, montis m (Gen. Pl. -ium);Berg;Mount Everest, e. mount(ain)
c08-012;multitūdō, multitūdinis f;große Zahl, Menge;e. multitude
c08-013;vir, virī;Mann;
c08-014;(petere, petō), petīvī;(auf)suchen, (er)streben, bitten, verlangen;
c08-015;sē Akk.;sich;f. se
c08-016;ubī Subj. m. Ind.;sobald;
c08-017;iter, itineris n;Reise, Weg, Marsch;
c08-018;iter facere;marschieren, reisen;
c08-019;mūnīre, mūniō, mūnīvī;bauen, befestigen, schützen;
c08-020;mūrus;Mauer;
c08-021;sine Präp. m. Abl.;ohne;
c08-022;perīculum;Gefahr;
c08-023;vīvere, vīvō;leben;
c08-024;urbs, urbis f (Gen. Pl. -ium);Stadt, Hauptstadt;Urbanisierung
c08-025;egō (betont);ich;egoistisch, Egoismus
c08-026;enim Adv. (nachgestellt);nämlich, in der Tat;
c08-027;agmen, agminis n;(Heeres-)Zug;
c08-028;hostis, hostis m (Gen. Pl. -ium);Feind (Landesfeind);
c08-029;ā / ab Präp. m. Abl.;von, von ... her;
c08-030;prohibēre, prohibeō, prohibuī (ā m. Abl.);abhalten (von), hindern (an);e. to prohibit, f. prohiber
c08-031;īra;Zorn;
c08-032;tēlum;(Angriffs-)Waffe, Geschoss;
c08-033;corripere, corripiō, corripuī;ergreifen, gewaltsam an sich reißen;
c08-034;ō(h);ach!, oh!;
c08-035;frāter, frātris m;Bruder;Frater, e. brother, f. frère
c08-036;lacrima;Träne;
c08-037;tenēre, teneō, tenuī;besitzen, festhalten, halten;
c08-038;frustrā Adv.;vergeblich;frustriert, Frustration
c08-039;rīpa;Ufer;
c08-040;servāre, servō (ā m. Abl.);bewahren, retten (vor);Kon-serve
c08-041;alere, alō, aluī;ernähren, großziehen;„Alete“, Eltern
c08-042;domum Adv.;nach Hause;
c08-043;flēre, fleō, flēvī;beklagen, (be)weinen;flennen
c08-044;nex, necis f;Mord, Tod;
c08-045;(velle, volō), voluī;wollen;## +Perfekt##
c08-046;(nōlle, nōlō), nōluī;nicht wollen;## +Perfekt##
c08-047;(cupere, cupiō), cupīvī;verlangen, wünschen, wollen;## +Perfekt##
c08-048;(dēpōnere, dēpōnō), dēposuī;ablegen, niederlegen, aufgeben;## +Perfekt##
c08-049;Palātium(mōns Palātīnus);Palatin;einer der Hügel Roms
c08-050;Tiberis, Tiberis m (Akk. Tiberim);Tiber;Fluss durch Rom
Lektion 9;;
c09-001;pōns, pontis m;Brücke;f. pont
c09-002;dēfendere, dēfendō;verteidigen, abwehren, schützen;
c09-003;(dēbēre, dēbeō), dēbuī;"müssen, sollen; schulden";Debitor
c09-004;prīmum Adv.;erstens, zuerst, zum ersten Mal;
c09-005;procul Adv.;von fern, weit weg;
c09-006;deinde Adv.;dann, darauf;
c09-007;postrēmō Adv.;schließlich;
c09-008;propius Adv.;näher;
c09-009;flūmen, flūminis n;Fluss;
c09-010;quidem Adv.;freilich, gewiss, wenigstens, zwar;
c09-011;mēcum (~ cum mē);mit mir;
c09-012;putāre, putō;"glauben, meinen; m. dopp. Akk. halten für";Com-puter, Dis-put
c09-013;mūnītiō, mūnītiōnis f;Bau, Befestigung;Munition
c09-014;adhūc Adv.;bis jetzt, noch;
c09-015;prōspicere, prōspiciō;schauen auf, sehen, vorhersehen;Prospekt
c09-016;pūgnāre, pūgnō;kämpfen;
c09-017;patria;Heimat;f. patrie
c09-018;nē ... quidem;nicht einmal;
c09-019;fidūcia;Vertrauen;
c09-020;carēre, careō, caruī m. Abl.;frei sein von, etw. nicht haben;
c09-021;circumvenīre, circumveniō;umringen, umzingeln;
c09-022;cōnfīdere, cōnfīdō;vertrauen;f. confier
c09-023;īnstituere, īnstituō;beginnen, einrichten, unterrichten;Institution, Institut
c09-024;gladius;Schwert;Gladiator, Gladiole
c09-025;repente Adv.;plötzlich;
c09-026;adesse, adsum, adfuī;"da sein; helfen";
c09-027;cōnstat;es ist bekannt, es steht fest;
c09-028;(complēre, compleō), complēvī;anfüllen, erfüllen;
c09-029;Horātius Cocles, Coclitis m;Horatius Cocles ;Held der römischen Frühzeit
c09-030;Tuscī, Tuscōrum m Pl.; die Etrusker ;Toscana
c09-031;Rōmānus, a, um;"römisch; Subst. Römer";
Lektion 10;;
c10-001;magnus, a, um;groß, bedeutend;„Magnum“
c10-002;multus, a, um;viel;multiplizieren, multikulturell
c10-003;multī, ae;viele;
c10-004;multa n Pl.;viel(es);
c10-005;multum Adv.;sehr, viel;
c10-006;bonus, a, um;gut;Bon, Bonus, Bonbon, f. bon
c10-007;prīmus, a, um;der erste;Primus, prima, Primaten
c10-008;lūx, lūcis f;Licht, Tageslicht;Luzi-fer, e. light
c10-009;prīmā lūce;bei Tagesanbruch (wann?);
c10-010;occupāre, occupō;besetzen, einnehmen;okkupieren, Okkupation
c10-011;vōx, vōcis f;Äußerung, Laut, Stimme;e. voice, f. voix
c10-012;et ... et;sowohl ... als auch;
c10-013;arma, armōrum n Pl.;Waffen, Gerät;Armee, Armatur, e. army
c10-014;terrēre, terreō, terruī;erschrecken;Terror, Terrorist, e. terror
c10-015;homō, hominis m;Mensch;Homo sapiens, f. homme
c10-016;causa;Ursache, Sache, Prozess;Kausalsatz, e./f. cause
c10-017;cōgnōscere, cōgnōscō, cōgnōvī;erkennen, kennenlernen;
c10-018;scelus, sceleris n;"Verbrechen; Schurke";
c10-019;rēx, rēgis m;König;
c10-020;sors, sortis f (Gen. Pl. -ium);Los, Orakelspruch, Schicksal;Sorte
c10-021;miser, misera, miserum;arm, erbärmlich, unglücklich;Misere, miserabel
c10-022;māgnā vōce;mit lauter Stimme;
c10-023;inquit (in die wörtliche rede eingeschobe);sagt(e) er;
c10-024;colere, colō, coluī;"bewirtschaften, pflegen; verehren";
c10-025;nox, noctis f (Gen. Pl. -ium);Nacht;e. night
c10-026;multā nocte;in tiefer Nacht (wann?);
c10-027;propter Präp. m. Akk.;wegen;
c10-028;mors, mortis f (Gen. Pl. -ium);Tod;f. mort
c10-029;expellere, expellō;vertreiben, verbannen;e. to expel
c10-030;superbus, a, um;stolz, überheblich;
c10-031;malus, a, um;schlecht, schlimm;
c10-032;īgnōrāre, īgnōrō;nicht kennen, nicht wissen;Ignorant, e. to ignore
c10-033;nōn īgnōrāre;genau wissen, gut kennen;
c10-034;num (im dir. Fragesatz);etwa?;
c10-035;sanguis, sanguinis m;Blut, Blutvergießen;f. sang
c10-036;sī Subj.;falls, wenn;
c10-037;tūtus, a, um (ā m. Abl.);sicher (vor);
c10-038;tōtus, a, um (Gen. tōtīus Dat. tōtī);ganz;total, totalitär, e. total, f. tout
c10-039;līberāre, līberō;befreien, freilassen;liefern, e. to liberate
c10-040;timēre, timeō, timuī;Angst haben, fürchten;
c10-041;ita Adv.;so;
c10-042;ultimus, a, um;der äußerste, der entfernteste, der letzte;Ultimatum, ultima ratio, ultimativ
c10-043;Tarquinius Superbus ; Tarquinius Superbus ;letzter König Roms
c10-044;L. Iūnius Brūtus;Lucius Junius Brutus;Verschwörer gegen Tarquinius
c10-045;Rōma;Rom;
c10-046;Tarquiniī, ōrum m Pl.;die Tarquinier;
